キャラ名,別名1,別名2,別名3,別名4,別名5,別名6,別名7,別名8,別名9,別名10,別名11,別名12,別名13,別名14,別名15
幻水1主人公（坊ちゃん）,幻水1主人公（坊ちゃん）,1主人公,主人公,坊ちゃん,ティル,リューイ,マクドール,坊っちゃん,坊,,,,,,
幻水2主人公（2主）,幻水2主人公（2主）,2主人公,主人公,2主,リオウ,II主,タオ,にしゅ,つーしゅ,にぬし,,,,,
幻水4主人公（4様）,幻水4主人公（4様）,4主人公,主人公,4様,IV主,4主人公,IV主人公,ラズロ,よん様,,,,,,
幻水5主人公（王子）,幻水5主人公（王子）,5主人公,主人公,王子,V主,5主,V主人公,5主人公,ファルーシュ,フレイアドゥール,フレイ,アーディル,,,
ティアクライス主人公（団長）,ティアクライス主人公（団長）,TK主人公,主人公,団長,シグ,,,,,,,,,,
アーサー,アーサー,アーサー,,,,,,,,,,,,,
アーニー,アーニー,アーニー,,,,,,,,,,,,,
アーニャ,アーニャ,アーニャ,,,,,,,,,,,,,
アーロン・バルカイ,アーロン・バルカイ,アーロン・バルカイ,,アーロン,バルカイ,,,,,,,,,,
アイク,アイク,アイク,,,,,,,,,,,,,
アイシャ,アイシャ,アイシャ,,,,,,,,,,,,,
アイラ,アイラ,アイラ,,,,,,,,,,,,,
アイリ,アイリ,アイリ,,,,,,,,,,,,,
アイリーン,アイリーン,アイリーン,,,,,,,,,,,,,
アイン・ジード,アイン・ジード,アイン・ジード,,アイン,ジード,,,,,,,,,,
アカギ,アカギ,アカギ,,,,,,,,,,,,,
アガレス・ブライト,アガレス・ブライト,アガレス・ブライト,,アガレス,ブライト,,,,,,,,,,
アクセル,アクセル,アクセル,,,,,,,,,,,,,
アグネス,アグネス,アグネス,,,,,,,,,,,,,
アスアド,アスアド,アスアド,,,,,,,,,,,,,
アストリッド,アストリッド,アストリッド,,,,,,,,,,,,,
アズラッド,アズラッド,アズラッド,,,,,,,,,,,,,
アダリー,アダリー,アダリー,,,,,,,,,,,,,
アックス,アックス,アックス,,,,,,,,,,,,,
アップル,アップル,アップル,,,,,,,,,,,,,
アトリ,アトリ,アトリ,,,,,,,,,,,,,
アドリアンヌ,アドリアンヌ,アドリアンヌ,,,,,,,,,,,,,
アナベル,アナベル,アナベル,,,,,,,,,,,,,
アニタ,アニタ,アニタ,,,,,,,,,,,,,
アビズボア,アビズボア,アビズボア,,,,,,,,,,,,,
アマダ,アマダ,アマダ,,,,,,,,,,,,,
アマラリク,アマラリク,アマラリク,,,,,,,,,,,,,
アメリア,アメリア,アメリア,,,,,,,,,,,,,
アモリー,アモリー,アモリー,,,,,,,,,,,,,
アヤナ,アヤナ,アヤナ,,,,,,,,,,,,,
アヤメ,アヤメ,アヤメ,,,,,,,,,,,,,
アラニス,アラニス,アラニス,,,,,,,,,,,,,
アリスン・バロウズ,アリスン・バロウズ,アリスン・バロウズ,,アリスン,バロウズ,,,,,,,,,,
アルシュタート・ファレナス,アルシュタート・ファレナス,アルシュタート・ファレナス,,アルシュタート,ファレナス,,,,,,,,,,
アルド,アルド,アルド,,,,,,,,,,,,,
アルバート,アルバート,アルバート,,,,,,,,,,,,,
アルベルト・シルバーバーグ,アルベルト・シルバーバーグ,アルベルト,,アルベルト,シルバーバーグ,,,,,,,,,,
アレク・ワイズメル,アレク・ワイズメル,アレク・ワイズメル,,アレク,ワイズメル,,,,,,,,,,
アレックス,アレックス,アレックス,,,,,,,,,,,,,
アレニア,アレニア,アレニア,,,,,,,,,,,,,
アレン,アレン,アレン,,,,,,,,,,,,,
アンジー,アンジー,アンジー,,,,,,,,,,,,,
アンダルク・ベルグマン,アンダルク・ベルグマン,アンダルク・ベルグマン,アンダルク,アンダルク,ベルグマン,,,,,,,,,,
アントニオ,アントニオ,アントニオ,,,,,,,,,,,,,
アンヌ,アンヌ,アンヌ,,,,,,,,,,,,,
アンネリー,アンネリー,アンネリー,,,,,,,,,,,,,
イーゴリ,イーゴリ,イーゴリ,,,,,,,,,,,,,
イーリン,イーリン,イーリン,,,,,,,,,,,,,
イク,イク,イク,,,,,,,,,,,,,
イクス,イクス,イクス,,,,,,,,,,,,,
イザク,イザク,イザク,,,,,,,,,,,,,
イサト,イサト,イサト,,,,,,,,,,,,,
イザベル,イザベル,イザベル,,,,,,,,,,,,,
イスカス,イスカス,イスカス,,,,,,,,,,,,,
イリア・バルカイ,イリア・バルカイ,イリア,,イリア,バルカイ,,,,,,,,,,
イワノフ,イワノフ,イワノフ,,,,,,,,,,,,,
インゴルフ,インゴルフ,インゴルフ,,,,,,,,,,,,,
インドリク,インドリク,インドリク,,,,,,,,,,,,,
ヴァズロフ,ヴァズロフ,ヴァズロフ,,,,,,,,,,,,,
ヴァンサン・ド・ブール,ヴァンサン・ド・ブール,ヴァンサン,,ヴァンサン,ド,ブール,,,,,,,,,
ヴイルヘルム,ヴイルヘルム,ヴイルヘルム,,,,,,,,,,,,,
ヴィンセント・フィンガーフート,ヴィンセント・フィンガーフート,ヴィンセント・フィンガーフート,,ヴィンセント,フィンガーフート,,,,,,,,,,
ウィンディ,ウィンディ,ウィンディ,,,,,,,,,,,,,
ウィンドゥ,ウィンドゥ,ウィンドゥ,,,,,,,,,,,,,
ウェンデル,ウェンデル,ウェンデル,,,,,,,,,,,,,
ウォーグ,ウォーグ,ウォーグ,,,,,,,,,,,,,
ウォーレン,ウォーレン,ウォーレン,,,,,,,,,,,,,
ウォーロック,ウォーロック,ウォーロック,,,,,,,,,,,,,
ヴォリガ,ヴォリガ,ヴォリガ,,,,,,,,,,,,,
ウォルター,ウォルター,ウォルター,,,,,,,,,,,,,
ウゲツ,ウゲツ,ウゲツ,,,,,,,,,,,,,
ウッツェ,ウッツェ,ウッツェ,,,,,,,,,,,,,
ウフレッド,ウフレッド,ウフレッド,,,,,,,,,,,,,
ウラガン,ウラガン,ウラガン,,,,,,,,,,,,,
ウルダ,ウルダ,ウルダ,,,,,,,,,,,,,
エイケイ,エイケイ,エイケイ,,,,,,,,,,,,,
エイダ,エイダ,エイダ,,,,,,,,,,,,,
エウスミール,エウスミール,エウスミール,,,,,,,,,,,,,
エース,エース,エース,,,,,,,,,,,,,
エグバート・エセルバルド,エグバート・エセルバルド,エグバート,,エグバート,エセルバルド,,,,,,,,,,
エステラ,エステラ,エステラ,,,,,,,,,,,,,
エスメラルダ,エスメラルダ,エスメラルダ,,,,,,,,,,,,,
エチエンヌ,エチエンヌ,エチエンヌ,,,,,,,,,,,,,
エッジ,エッジ,エッジ,,,,,,,,,,,,,
エドガー,エドガー,エドガー,,,,,,,,,,,,,
エヌムクラウ,エヌムクラウ,エヌムクラウ,,,,,,,,,,,,,
エフィル,エフィル,エフィル,,,,,,,,,,,,,
エマ,エマ,エマ,,,,,,,,,,,,,
エミリア,エミリア,エミリア,,,,,,,,,,,,,
エミリー,エミリー,エミリー,,,,,,,,,,,,,
エリ,エリ,エリ,,,,,,,,,,,,,
エリオット,エリオット,エリオット,,,,,,,,,,,,,
エリン,エリン,エリン,,,,,,,,,,,,,
エルザ,エルザ,エルザ,,,,,,,,,,,,,
エルフの長老,エルフの長老,エルフの長老,,,,,,,,,,,,,
エルミオーネ,エルミオーネ,エルミオーネ,,,,,,,,,,,,,
エルンスト,エルンスト,エルンスト,,,,,,,,,,,,,
エレーン,エレーン,エレーン,,,,,,,,,,,,,
エレシュ,エレシュ,エレシュ,,,,,,,,,,,,,
エレノア・シルバーバーグ,エレノア・シルバーバーグ,エレノア,,エレノア,シルバーバーグ,,,,,,,,,,
エンヘバト,エンヘバト,エンヘバト,,,,,,,,,,,,,
オゥヤー,オゥヤー,オゥヤー,,,,,,,,,,,,,
オウラン,オウラン,オウラン,,,,,,,,,,,,,
オーギュスタン・ナボール,オーギュスタン・ナボール,オーギュスタン,,オーギュスタン,ナボール,,,,,,,,,,
オータ,オータ,オータ,,,,,,,,,,,,,
オスカル,オスカル,オスカル,,,,,,,,,,,,,
オデッサ・シルバーバーグ,オデッサ・シルバーバーグ,オデッサ・シルバーバーグ,,オデッサ,シルバーバーグ,,,,,,,,,,
オド,オド,オド,,,,,,,,,,,,,
オニール,オニール,オニール,,,,,,,,,,,,,
オベル王妃,オベル王妃,オベル王妃,,,,,,,,,,,,,
オボロ,オボロ,オボロ,,,,,,,,,,,,,
オルドヴィーク,オルドヴィーク,オルドヴィーク,,,,,,,,,,,,,
オルナン,オルナン,オルナン,,,,,,,,,,,,,
オルネラ,オルネラ,オルネラ,,,,,,,,,,,,,
オルマール,オルマール,オルマール,,,,,,,,,,,,,
オレーグ,オレーグ,オレーグ,,,,,,,,,,,,,
オロク,オロク,オロク,,,,,,,,,,,,,
カール,カール,カール,,,,,,,,,,,,,
カーン・マリィ,カーン・マリィ,カーン,,カーン,マリィ,,,,,,,,,,
カイ,カイ,カイ,,,,,,,,,,,,,
カイル,カイル,カイル,,,,,,,,,,,,,
ガウ,ガウ,ガウ,,,,,,,,,,,,,
ガヴァヤ,ガヴァヤ,ガヴァヤ,,,,,,,,,,,,,
カウリヤ,カウリヤ,カウリヤ,,,,,,,,,,,,,
カゲ,カゲ,カゲ,,,,,,,,,,,,,
カシオス,カシオス,カシオス,,,,,,,,,,,,,
カシム・ハジル,カシム・ハジル,カシム・ハジル,,,,,,,,,,,,,
ガシュガル,ガシュガル,ガシュガル,,,,,,,,,,,,,
ガスパー,ガスパー,ガスパー,,,,,,,,,,,,,
カスミ,カスミ,カスミ,,,,,,,,,,,,,
カタリナ,カタリナ,カタリナ,,,,,,,,,,,,,
ガドベルク,ガドベルク,ガドベルク,,,,,,,,,,,,,
カドモス,カドモス,カドモス,,,,,,,,,,,,,
カナック,カナック,カナック,,,,,,,,,,,,,
カナン,カナン,カナン,,,,,,,,,,,,,
ガボチャ,ガボチャ,ガボチャ,,,,,,,,,,,,,
カマンドール,カマンドール,カマンドール,,,,,,,,,,,,,
カミーユ,カミーユ,カミーユ,,,,,,,,,,,,,
カミュー,カミュー,カミュー,,,,,,,,,,,,,
からくり丸,からくり丸,からくり丸,,,,,,,,,,,,,
からくり丸Z,からくり丸Z,からくり丸Z,,,,,,,,,,,,,
ガレオン,ガレオン,ガレオン,,,,,,,,,,,,,
ガレス,ガレス,ガレス,,,,,,,,,,,,,
カレン,カレン,カレン,,,,,,,,,,,,,
ガンデ,ガンデ,ガンデ,,,,,,,,,,,,,
ガンテツ,ガンテツ,ガンテツ,,,,,,,,,,,,,
キアロ,キアロ,キアロ,,,,,,,,,,,,,
キーン,キーン,キーン,,,,,,,,,,,,,
キカ,キカ,キカ,,,,,,,,,,,,,
キサラ,キサラ,キサラ,,,,,,,,,,,,,
ギジェリガー,ギジェリガー,ギジェリガー,,,,,,,,,,,,,
ギジム,ギジム,ギジム,,,,,,,,,,,,,
ギゼル・ゴドウィン,ギゼル・ゴドウィン,ギゼル・ゴドウィン,,ギゼル,ゴドウィン,,,,,,,,,,
キッド,キッド,キッド,,,,,,,,,,,,,
キニスン,キニスン,キニスン,,,,,,,,,,,,,
キバ・ウィンダミア,キバ・ウィンダミア,キバ,,キバ,ウィンダミア,,,,,,,,,,
キミヤ,キミヤ,キミヤ,,,,,,,,,,,,,
キャザリー,キャザリー,キャザリー,,,,,,,,,,,,,
キャシー,キャシー,キャシー,,,,,,,,,,,,,
キャリー,キャリー,キャリー,,,,,,,,,,,,,
ギュンター,ギュンター,ギュンター,,,,,,,,,,,,,
ギョーム,ギョーム,ギョーム,,,,,,,,,,,,,
キラルド,キラルド,キラルド,,,,,,,,,,,,,
ギリアム,ギリアム,ギリアム,,,,,,,,,,,,,
キリィ,キリィ,キリィ,,,,,,,,,,,,,
キリル,キリル,キリル,,,,,,,,,,,,,
キルキス・シャナ・クエス・ラビアンカーナ,キルキス・シャナ・クエス・ラビアンカーナ,キルキス,,キルキス,シャナ,クエス,ラビアンカーナ,,,,,,,,
キルケ,キルケ,キルケ,,,,,,,,,,,,,
キルデリク,キルデリク,キルデリク,,,,,,,,,,,,,
ギルバート,ギルバート,ギルバート,,,,,,,,,,,,,
キンバリー,キンバリー,キンバリー,,,,,,,,,,,,,
クイーン,クイーン,クイーン,,,,,,,,,,,,,
クイネリア・リウリス,クイネリア・リウリス,クイネリア・リウリス,,クイネリア,リウリス,,,,,,,,,,
クインシー,クインシー,クインシー,,,,,,,,,,,,,
クーガ,クーガ,クーガ,,,,,,,,,,,,,
クーカブラ,クーカブラ,クーカブラ,,,,,,,,,,,,,
クープ,クープ,クープ,,,,,,,,,,,,,
グスタフ・ペンドラゴン,グスタフ・ペンドラゴン,グスタフ・ペンドラゴン,,グスタフ,ペンドラゴン,,,,,,,,,,
クライブ,クライブ,クライブ,,,,,,,,,,,,,
クラウス・ウィンダミア,クラウス・ウィンダミア,クラウス,,クラウス,ウィンダミア,,,,,,,,,,
クラド,クラド,クラド,,,,,,,,,,,,,
クラント,クラント,クラント,,,,,,,,,,,,,
グランマイヤー,グランマイヤー,グランマイヤー,,,,,,,,,,,,,
クリス・ライトフェロー,クリス・ライトフェロー,クリス,クリス,クリス,ライトフェロー,,,,,,,,,,
グリフィス,グリフィス,グリフィス,,,,,,,,,,,,,
クリン,クリン,クリン,,,,,,,,,,,,,
クルガン,クルガン,クルガン,,,,,,,,,,,,,
グレアム・クレイ,グレアム・クレイ,グレアム・クレイ,,グレアム,クレイ,,,,,,,,,,
クレイア,クレイア,クレイア,,,,,,,,,,,,,
クレイオン,クレイオン,クレイオン,,,,,,,,,,,,,
クレイグ・ラーデン,クレイグ・ラーデン,クレイグ,,クレイグ,ラーデン,,,,,,,,,,
クレイズ・マイルス,クレイズ・マイルス,クレイズ・マイルス,,クレイズ,マイルス,,,,,,,,,,
グレイディ,グレイディ,グレイディ,,,,,,,,,,,,,
クレオ,クレオ,クレオ,,,,,,,,,,,,,
グレッチェン,グレッチェン,グレッチェン,,,,,,,,,,,,,
グレミオ,グレミオ,グレミオ,,,,,,,,,,,,,
グレン・コット,グレン・コット,グレン・コット,,グレン,コット,,,,,,,,,,
グレンシール,グレンシール,グレンシール,,,,,,,,,,,,,
クロイツ,クロイツ,クロイツ,,,,,,,,,,,,,
クロウリー,クロウリー,クロウリー,,,,,,,,,,,,,
クロデキルド,クロデキルド,クロデキルド,,,,,,,,,,,,,
クロミミ,クロミミ,クロミミ,,,,,,,,,,,,,
クロン,クロン,クロン,,,,,,,,,,,,,
グワイニー,グワイニー,グワイニー,,,,,,,,,,,,,
クワンダ・ロスマン,クワンダ・ロスマン,クワンダ・ロスマン,,クワンダ,ロスマン,,,,,,,,,,
クン・トー,クン・トー,クン・トー,,クン,トー,,,,,,,,,,
グントラム,グントラム,グントラム,,,,,,,,,,,,,
ケイト,ケイト,ケイト,,,,,,,,,,,,,
ゲイリー,ゲイリー,ゲイリー,,,,,,,,,,,,,
ケヴィン,ケヴィン,ケヴィン,,,,,,,,,,,,,
ゲオルグ・プライム,ゲオルグ・プライム,ゲオルグ・プライム,ゲオルグ,ゲオルグ,プライム,,,,,,,,,,
ゲシュッツ,ゲシュッツ,ゲシュッツ,,,,,,,,,,,,,
ケスラー,ケスラー,ケスラー,,,,,,,,,,,,,
ゲッシュ,ゲッシュ,ゲッシュ,,,,,,,,,,,,,
ケティル,ケティル,ケティル,,,,,,,,,,,,,
ゲド,ゲド,ゲド,,,,,,,,,,,,,
ケネス,ケネス,ケネス,,,,,,,,,,,,,
ケフレン,ケフレン,ケフレン,,,,,,,,,,,,,
ケルシウス,ケルシウス,ケルシウス,,,,,,,,,,,,,
ゲレル,ゲレル,ゲレル,,,,,,,,,,,,,
ゲン,ゲン,ゲン,,,,,,,,,,,,,
ゲンオウ,ゲンオウ,ゲンオウ,,,,,,,,,,,,,
ゲンカク,ゲンカク,ゲンカク,,,,,,,,,,,,,
ゲンゲン,ゲンゲン,ゲンゲン,,,,,,,,,,,,,
ケンジ,ケンジ,ケンジ,,,,,,,,,,,,,
ゲンシュウ,ゲンシュウ,ゲンシュウ,,,,,,,,,,,,,
コウ,コウ,コウ,,,,,,,,,,,,,
コウ・ロー,コウ・ロー,コウ・ロー,,コウ,ロー,,,,,,,,,,
コウユウ,コウユウ,コウユウ,,,,,,,,,,,,,
ゴー,ゴー,ゴー,,,,,,,,,,,,,
ゴーセ,ゴーセ,ゴーセ,,,,,,,,,,,,,
ゴードン（幻水2）,ゴードン（幻水2）,ゴードン,,,,,,,,,,,,,
ゴードン（幻水3）,ゴードン（幻水3）,ゴードン,,,,,,,,,,,,,
コーネル,コーネル,コーネル,,,,,,,,,,,,,
コノン,コノン,コノン,,,,,,,,,,,,,
コルセリア,コルセリア,コルセリア,,,,,,,,,,,,,
ゴルドー,ゴルドー,ゴルドー,,,,,,,,,,,,,
コルトン,コルトン,コルトン,,,,,,,,,,,,,
ゴルヌイ,ゴルヌイ,ゴルヌイ,,,,,,,,,,,,,
コルネリオ,コルネリオ,コルネリオ,,,,,,,,,,,,,
ゴロウ,ゴロウ,ゴロウ,,,,,,,,,,,,,
コロク,コロク,コロク,,,,,,,,,,,,,
ゴン,ゴン,ゴン,,,,,,,,,,,,,
ゴンボスレン,ゴンボスレン,ゴンボスレン,,,,,,,,,,,,,
コンラッド,コンラッド,コンラッド,,,,,,,,,,,,,
サーヴィラ,サーヴィラ,サーヴィラ,,,,,,,,,,,,,
サイアリーズ・ファレナス,サイアリーズ・ファレナス,サイアリーズ,サイアリーズ,サイアリーズ,ファレナス,,,,,,,,,,
サイロウ,サイロウ,サイロウ,,,,,,,,,,,,,
ザイン,ザイン,ザイン,,,,,,,,,,,,,
サウ・ジン,サウ・ジン,サウ,,サウ,ジン,,,,,,,,,,
ザヴィド,ザヴィド,ザヴィド,,,,,,,,,,,,,
サギリ,サギリ,サギリ,,,,,,,,,,,,,
ササライ,ササライ,ササライ,,,,,,,,,,,,,
ザジ・キュイロス,ザジ・キュイロス,ザジ・キュイロス,ザジ,ザジ,キュイロス,サナトス,クロフォード,,,,,,,,
サスケ,サスケ,サスケ,,,,,,,,,,,,,
サティヤカ,サティヤカ,サティヤカ,,,,,,,,,,,,,
サナ,サナ,サナ,,,,,,,,,,,,,
サナエ・Y,サナエ・Y,サナエ・Ｙ,,サナエ,ヤマモト,Y,,,,,,,,,
ザハーク,ザハーク,ザハーク,,,,,,,,,,,,,
ザフラー,ザフラー,ザフラー,,,,,,,,,,,,,
ザムザ,ザムザ,ザムザ,,,,,,,,,,,,,
サムス,サムス,サムス,,,,,,,,,,,,,
サリーシャ・ラウルベル,サリーシャ・ラウルベル,サリーシャ・ラウルベル,,サリーシャ,ラウルベル,,,,,,,,,,
サルム・バロウズ,サルム・バロウズ,サルム・バロウズ,,サルム,バロウズ,,,,,,,,,,
サロメ・ハラス,サロメ・ハラス,サロメ,サロメ,サロメ,ハラス,,,,,,,,,,
サンスケ,サンスケ,サンスケ,,,,,,,,,,,,,
サンチェス,サンチェス,サンチェス,,,,,,,,,,,,,
サンチョ,サンチョ,サンチョ,,,,,,,,,,,,,
ジーヴィッカ,ジーヴィッカ,ジーヴィッカ,,,,,,,,,,,,,
ジークフリード,ジークフリード,ジークフリード,,,,,,,,,,,,,
シーザー・シルバーバーグ,シーザー・シルバーバーグ,シーザー,,,,,,,,,,,,,
シード,シード,シード,,,,,,,,,,,,,
シーナ,シーナ,シーナ,,,,,,,,,,,,,
ジーノ,ジーノ,ジーノ,,,,,,,,,,,,,
ジーン,ジーン,ジーン,,,,,,,,,,,,,
シウ・ジン,シウ・ジン,シウ,,,,,,,,,,,,,
シウス,シウス,シウス,,,,,,,,,,,,,
ジェイル,ジェイル,ジェイル,,,,,,,,,,,,,
ジェス,ジェス,ジェス,,,,,,,,,,,,,
ジェファーソン,ジェファーソン,ジェファーソン,,,,,,,,,,,,,
シエラ・ミケーネ,シエラ・ミケーネ,シエラ,シエラ,,,,,,,,,,,,
ジェレミー,ジェレミー,ジェレミー,,,,,,,,,,,,,
シグニイ・アルブレク,シグニイ・アルブレク,シグニイ・アルブレク,,,,,,,,,,,,,
シグルド,シグルド,シグルド,,,,,,,,,,,,,
シグレ,シグレ,シグレ,,,,,,,,,,,,,
シズ,シズ,シズ,,,,,,,,,,,,,
シスカ,シスカ,シスカ,,,,,,,,,,,,,
ジダン・ギュイス,ジダン・ギュイス,ジダン・ギュイス,,,,,,,,,,,,,
シド,シド,シド,,,,,,,,,,,,,
シドニア,シドニア,シドニア,,,,,,,,,,,,,
シバ,シバ,シバ,,,,,,,,,,,,,
シメオン,シメオン,シメオン,,,,,,,,,,,,,
シモーヌ・ベルドリッチ,シモーヌ・ベルドリッチ,シモーヌ・ベルドリッチ,,,,,,,,,,,,,
シャイラ,シャイラ,シャイラ,,,,,,,,,,,,,
ジャグワン,ジャグワン,ジャグワン,,,,,,,,,,,,,
ジャック,ジャック,ジャック,,,,,,,,,,,,,
シャドリ,シャドリ,シャドリ,,,,,,,,,,,,,
ジャバ,ジャバ,ジャバ,,,,,,,,,,,,,
シャバック,シャバック,シャバック,,,,,,,,,,,,,
シャボン,シャボン,シャボン,,,,,,,,,,,,,
シャムス,シャムス,シャムス,,,,,,,,,,,,,
シャルフ,シャルフ,シャルフ,,,,,,,,,,,,,
シャルミシタ,シャルミシタ,シャルミシタ,,,,,,,,,,,,,
シャルルマーニュ,シャルルマーニュ,シャルルマーニュ,,,,,,,,,,,,,
シャロン,シャロン,シャロン,,,,,,,,,,,,,
ジャンゴ,ジャンゴ,ジャンゴ,,,,,,,,,,,,,
シュウ,シュウ,シュウ,,,,,,,,,,,,,
ジュエル,ジュエル,ジュエル,,,,,,,,,,,,,
ジュッポ,ジュッポ,ジュッポ,,,,,,,,,,,,,
ジュド,ジュド,ジュド,,,,,,,,,,,,,
シュトルテハイム・ラインバッハ2世,シュトルテハイム・ラインバッハ2世,シュトルテハイム・ラインバッハ2世,,,,,,,,,,,,,
シュラ・ヴァルヤ,シュラ・ヴァルヤ,シュラ,,,,,,,,,,,,,
シュン,シュン,シュン,,,,,,,,,,,,,
シュンミン,シュンミン,シュンミン,,,,,,,,,,,,,
ジョアン,ジョアン,ジョアン,,,,,,,,,,,,,
ジョウイ・アトレイド（ブライト）,ジョウイ・アトレイド（ブライト）,ジョウイ・アトレイド,ジョウイ,,,,,,,,,,,,
ジョーカー（ワン）,ジョーカー（ワン）,ジョーカー,ジョーカー,,,,,,,,,,,,
ジョー軍曹,ジョー軍曹,ジョー軍曹,,,,,,,,,,,,,
ジョセフィーヌ（ユマ・ヴァルヤ）,ジョセフィーヌ（ユマ・ヴァルヤ）,ジョセフィーヌ,,,,,,,,,,,,,
ジョナ,ジョナ,ジョナ,,,,,,,,,,,,,
ジョバンニ,ジョバンニ,ジョバンニ,,,,,,,,,,,,,
ジョルジュ,ジョルジュ,ジョルジュ,,,,,,,,,,,,,
シラミネ,シラミネ,シラミネ,,,,,,,,,,,,,
ジル・ブライト,ジル・ブライト,ジル・ブライト,ジル,,,,,,,,,,,,
シルヴァ,シルヴァ,シルヴァ,,,,,,,,,,,,,
シルディス,シルディス,シルディス,,,,,,,,,,,,,
シルビナ,シルビナ,シルビナ,,,,,,,,,,,,,
シロ,シロ,シロ,,,,,,,,,,,,,
シロウ,シロウ,シロウ,,,,,,,,,,,,,
シン,シン,シン,,,,,,,,,,,,,
ワイアット・ライトフェロー（ジンバ）,ワイアット・ライトフェロー（ジンバ）,ジンバ,,,,,,,,,,,,,
シンロウ,シンロウ,シンロウ,,,,,,,,,,,,,
スウ・ジン,スウ・ジン,スウ,,,,,,,,,,,,,
スヴェン,スヴェン,スヴェン,,,,,,,,,,,,,
スカルド・イーガン,スカルド・イーガン,スカルド・イーガン,,,,,,,,,,,,,
スコット,スコット,スコット,,,,,,,,,,,,,
スタリオン,スタリオン,スタリオン,,,,,,,,,,,,,
スティール,スティール,スティール,,,,,,,,,,,,,
ステラ,ステラ,ステラ,,,,,,,,,,,,,
スニル,スニル,スニル,,,,,,,,,,,,,
スノウ・フィンガーフート,スノウ・フィンガーフート,スノウ,スノウ,,,,,,,,,,,,
スバル,スバル,スバル,,,,,,,,,,,,,
スフィール,スフィール,スフィール,,,,,,,,,,,,,
ズンダ,ズンダ,ズンダ,,,,,,,,,,,,,
セイラ,セイラ,セイラ,,,,,,,,,,,,,
セウ・ジン,セウ・ジン,セウ,,,,,,,,,,,,,
ゼガイ,ゼガイ,ゼガイ,,,,,,,,,,,,,
セシル,セシル,セシル,,,,,,,,,,,,,
セツ,セツ,セツ,,,,,,,,,,,,,
セドリック,セドリック,セドリック,,,,,,,,,,,,,
セネカ,セネカ,セネカ,,,,,,,,,,,,,
ゼノア,ゼノア,ゼノア,,,,,,,,,,,,,
セバスチャン,セバスチャン,セバスチャン,,,,,,,,,,,,,
ゼフォン,ゼフォン,ゼフォン,,,,,,,,,,,,,
ゼポン,ゼポン,ゼポン,,,,,,,,,,,,,
セミアス,セミアス,セミアス,,,,,,,,,,,,,
セラ,セラ,セラ,,,,,,,,,,,,,
ゼラセ,ゼラセ,ゼラセ,,,,,,,,,,,,,
セルゲイ,セルゲイ,セルゲイ,,,,,,,,,,,,,
セルマ,セルマ,セルマ,,,,,,,,,,,,,
セレン,セレン,セレン,,,,,,,,,,,,,
ゼン,ゼン,ゼン,,,,,,,,,,,,,
ソウ・ジン,ソウ・ジン,ソウ,,,,,,,,,,,,,
ゾシオム,ゾシオム,ゾシオム,,,,,,,,,,,,,
ソタ,ソタ,ソタ,,,,,,,,,,,,,
ソニア・シューレン,ソニア・シューレン,ソニア・シューレン,,,,,,,,,,,,,
ソフィア,ソフィア,ソフィア,,,,,,,,,,,,,
ソラブ,ソラブ,ソラブ,,,,,,,,,,,,,
ソリス・ラウルベル,ソリス・ラウルベル,ソリス・ラウルベル,,,,,,,,,,,,,
ソレンセン,ソレンセン,ソレンセン,,,,,,,,,,,,,
ソロウ,ソロウ,ソロウ,,,,,,,,,,,,,
ソロン・ジー,ソロン・ジー,ソロン・ジー,,,,,,,,,,,,,
タージ,タージ,タージ,,,,,,,,,,,,,
ターニャ,ターニャ,ターニャ,,,,,,,,,,,,,
タイ・ホー,タイ・ホー,タイ・ホー,,,,,,,,,,,,,
ダイアルフ,ダイアルフ,ダイアルフ,,,,,,,,,,,,,
タイスケ,タイスケ,タイスケ,,,,,,,,,,,,,
ダイン,ダイン,ダイン,,,,,,,,,,,,,
タガート,タガート,タガート,,,,,,,,,,,,,
タカム,タカム,タカム,,,,,,,,,,,,,
タキ,タキ,タキ,,,,,,,,,,,,,
ダズグマ,ダズグマ,ダズグマ,,,,,,,,,,,,,
ダナシュ8世,ダナシュ8世,ダナシュ8世,,,,,,,,,,,,,
ダムディン,ダムディン,ダムディン,,,,,,,,,,,,,
タラシオ・ルシオ,タラシオ・ルシオ,タラシオ,,,,,,,,,,,,,
ダリオ,ダリオ,ダリオ,,,,,,,,,,,,,
タル,タル,タル,,,,,,,,,,,,,
タルゲイユ,タルゲイユ,タルゲイユ,,,,,,,,,,,,,
ダレル,ダレル,ダレル,,,,,,,,,,,,,
チープー,チープー,チープー,,,,,,,,,,,,,
チェイン,チェイン,チェイン,,,,,,,,,,,,,
チクラ,チクラ,チクラ,,,,,,,,,,,,,
チサト,チサト,チサト,,,,,,,,,,,,,
チハヤ,チハヤ,チハヤ,,,,,,,,,,,,,
チャコ,チャコ,チャコ,,,,,,,,,,,,,
チャック,チャック,チャック,,,,,,,,,,,,,
チャップマン,チャップマン,チャップマン,,,,,,,,,,,,,
チャムジン,チャムジン,チャムジン,,,,,,,,,,,,,
チャンドラー,チャンドラー,チャンドラー,,,,,,,,,,,,,
チャンポ,チャンポ,チャンポ,,,,,,,,,,,,,
ツァイ,ツァイ,ツァイ,,,,,,,,,,,,,
ツァウベルン,ツァウベルン,ツァウベルン,,,,,,,,,,,,,
ツヴァイク,ツヴァイク,ツヴァイク,,,,,,,,,,,,,
ツェレンドラム,ツェレンドラム,ツェレンドラム,,,,,,,,,,,,,
ツオムジン,ツオムジン,ツオムジン,,,,,,,,,,,,,
ツフルル,ツフルル,ツフルル,,,,,,,,,,,,,
ディアドラ,ディアドラ,ディアドラ,,,,,,,,,,,,,
ディーリーリ,ディーリーリ,ディーリーリ,,,,,,,,,,,,,
ディオス,ディオス,ディオス,,,,,,,,,,,,,
ティグール,ティグール,ティグール,,,,,,,,,,,,,
テイラー,テイラー,テイラー,,,,,,,,,,,,,
ディルク,ディルク,ディルク,,,,,,,,,,,,,
ディルバ・ノウム,ディルバ・ノウム,ディルバ・ノウム,,,,,,,,,,,,,
ディロム・ランツェス,ディロム・ランツェス,ディロム・ランツェス,,,,,,,,,,,,,
テオ・マクドール,テオ・マクドール,テオ・マクドール,,,,,,,,,,,,,
デスモンド,デスモンド,デスモンド,,,,,,,,,,,,,
テスラ,テスラ,テスラ,,,,,,,,,,,,,
テツ,テツ,テツ,,,,,,,,,,,,,
テッサイ,テッサイ,テッサイ,,,,,,,,,,,,,
テッド,テッド,テッド,,,,,,,,,,,,,
デボラ,デボラ,デボラ,,,,,,,,,,,,,
デューカス,デューカス,デューカス,,,,,,,,,,,,,
デューク,デューク,デューク,,,,,,,,,,,,,
デュパ,デュパ,デュパ,,,,,,,,,,,,,
テレーズ・ワイズメル,テレーズ・ワイズメル,テレーズ,,,,,,,,,,,,,
テンガアール,テンガアール,テンガアール,,,,,,,,,,,,,
テンコウ,テンコウ,テンコウ,,,,,,,,,,,,,
テンプルトン,テンプルトン,テンプルトン,,,,,,,,,,,,,
トウタ,トウタ,トウタ,,,,,,,,,,,,,
トープ,トープ,トープ,,,,,,,,,,,,,
トーマ,トーマ,トーマ,,,,,,,,,,,,,
トーマス,トーマス,トーマス,,,,,,,,,,,,,
ドガ,ドガ,ドガ,,,,,,,,,,,,,
トッポ,トッポ,トッポ,,,,,,,,,,,,,
ドナ・ウィルド,ドナ・ウィルド,ドナ・ウィルド,,,,,,,,,,,,,
トニー,トニー,トニー,,,,,,,,,,,,,
ドミティア,ドミティア,ドミティア,,,,,,,,,,,,,
ドミニク,ドミニク,ドミニク,,,,,,,,,,,,,
トモ,トモ,トモ,,,,,,,,,,,,,
トラヴィス,トラヴィス,トラヴィス,,,,,,,,,,,,,
トリスタン,トリスタン,トリスタン,,,,,,,,,,,,,
トリマルキオ,トリマルキオ,トリマルキオ,,,,,,,,,,,,,
ドルフ,ドルフ,ドルフ,,,,,,,,,,,,,
トルワド・アルブレク,トルワド・アルブレク,トルワド,トルワド,,,,,,,,,,,,
ドレミの精,ドレミの精,ドレミの精,,,,,,,,,,,,,
トロイ,トロイ,トロイ,,,,,,,,,,,,,
ドロモン,ドロモン,ドロモン,,,,,,,,,,,,,
トワイキン,トワイキン,トワイキン,,,,,,,,,,,,,
トンガチヒ,トンガチヒ,トンガチヒ,,,,,,,,,,,,,
ドンゴ,ドンゴ,ドンゴ,,,,,,,,,,,,,
ナ・ナル島長,ナ・ナル島長,ナ・ナル島長,,,,,,,,,,,,,
ナオ,ナオ,ナオ,,,,,,,,,,,,,
ナキル,ナキル,ナキル,,,,,,,,,,,,,
ナクラ,ナクラ,ナクラ,,,,,,,,,,,,,
ナジン,ナジン,ナジン,,,,,,,,,,,,,
ナズ,ナズ,ナズ,,,,,,,,,,,,,
ナタリー,ナタリー,ナタリー,,,,,,,,,,,,,
ナッシュ・ラトキエ（クロービス）,ナッシュ・ラトキエ（クロービス）,ナッシュ,ナッシュ,,,,,,,,,,,,
ナディール,ナディール,ナディール,,,,,,,,,,,,,
ナナミ,ナナミ,ナナミ,,,,,,,,,,,,,
ナボコフ,ナボコフ,ナボコフ,,,,,,,,,,,,,
ナムナ,ナムナ,ナムナ,,,,,,,,,,,,,
ナリシュヤ,ナリシュヤ,ナリシュヤ,,,,,,,,,,,,,
ナルクル,ナルクル,ナルクル,,,,,,,,,,,,,
ナレオ,ナレオ,ナレオ,,,,,,,,,,,,,
ニクティス,ニクティス,ニクティス,,,,,,,,,,,,,
ニクンバ,ニクンバ,ニクンバ,,,,,,,,,,,,,
ニケア,ニケア,ニケア,,,,,,,,,,,,,
ニコ,ニコ,ニコ,,,,,,,,,,,,,
ニコル,ニコル,ニコル,,,,,,,,,,,,,
ニック,ニック,ニック,,,,,,,,,,,,,
ニド,ニド,ニド,,,,,,,,,,,,,
ニナ,ニナ,ニナ,,,,,,,,,,,,,
ニフサーラ,ニフサーラ,ニフサーラ,,,,,,,,,,,,,
ニマ,ニマ,ニマ,,,,,,,,,,,,,
ニムニ,ニムニ,ニムニ,,,,,,,,,,,,,
ヌーマ,ヌーマ,ヌーマ,,,,,,,,,,,,,
ヌザート,ヌザート,ヌザート,,,,,,,,,,,,,
ヌミストロ,ヌミストロ,ヌミストロ,,,,,,,,,,,,,
ヌムヌ,ヌムヌ,ヌムヌ,,,,,,,,,,,,,
ネイ,ネイ,ネイ,,,,,,,,,,,,,
ネイサ,ネイサ,ネイサ,,,,,,,,,,,,,
ネイラ,ネイラ,ネイラ,,,,,,,,,,,,,
ネオス,ネオス,ネオス,,,,,,,,,,,,,
ネクロード,ネクロード,ネクロード,,,,,,,,,,,,,
ネムネ,ネムネ,ネムネ,,,,,,,,,,,,,
ネリス,ネリス,ネリス,,,,,,,,,,,,,
ネルヴァン,ネルヴァン,ネルヴァン,,,,,,,,,,,,,
ノア,ノア,ノア,,,,,,,,,,,,,
ノーヴァ,ノーヴァ,ノーヴァ,,,,,,,,,,,,,
ノーマ,ノーマ,ノーマ,,,,,,,,,,,,,
ノデリ,ノデリ,ノデリ,,,,,,,,,,,,,
ノフレト,ノフレト,ノフレト,,,,,,,,,,,,,
ノムノ,ノムノ,ノムノ,,,,,,,,,,,,,
ノルデン,ノルデン,ノルデン,,,,,,,,,,,,,
ノルバノス・ノビリオス,ノルバノス・ノビリオス,ノルバノス,,,,,,,,,,,,,
ハーヴェイ,ハーヴェイ,ハーヴェイ,,,,,,,,,,,,,
パーシヴァル・フロイライン,パーシヴァル・フロイライン,パーシヴァル,パーシヴァル,,,,,,,,,,,,
バーソロミュー,バーソロミュー,バーソロミュー,,,,,,,,,,,,,
バーツ,バーツ,バーツ,,,,,,,,,,,,,
バーバラ,バーバラ,バーバラ,,,,,,,,,,,,,
パーン,パーン,パーン,,,,,,,,,,,,,
ハーン・カニンガム,ハーン・カニンガム,ハーン・カニンガム,,,,,,,,,,,,,
ハイ・ヨー,ハイ・ヨー,ハイ・ヨー,,,,,,,,,,,,,
ハインズ,ハインズ,ハインズ,,,,,,,,,,,,,
ハウ・シー,ハウ・シー,ハウ・シー,,,,,,,,,,,,,
ハウザー,ハウザー,ハウザー,,,,,,,,,,,,,
ハガル・ビャルキ,ハガル・ビャルキ,ハガル・ビャルキ,,,,,,,,,,,,,
はぐれ竜,はぐれ竜,はぐれ竜,,,,,,,,,,,,,
バザルト・ルガム,バザルト・ルガム,バザルト・ルガム,,,,,,,,,,,,,
バシュタン,バシュタン,バシュタン,,,,,,,,,,,,,
バジル,バジル,バジル,,,,,,,,,,,,,
バスク,バスク,バスク,,,,,,,,,,,,,
バズバ,バズバ,バズバ,,,,,,,,,,,,,
ハスワール・ファレナス,ハスワール・ファレナス,ハスワール,,,,,,,,,,,,,
バダムハタン,バダムハタン,バダムハタン,,,,,,,,,,,,,
ハヅキ,ハヅキ,ハヅキ,,,,,,,,,,,,,
バッツ,バッツ,バッツ,,,,,,,,,,,,,
バド,バド,バド,,,,,,,,,,,,,
ハフィン,ハフィン,ハフィン,,,,,,,,,,,,,
バフラム・ルーガー,バフラム・ルーガー,バフラム・ルーガー,,,,,,,,,,,,,
パブロ,パブロ,パブロ,,,,,,,,,,,,,
バベッジ,バベッジ,バベッジ,,,,,,,,,,,,,
パム,パム,パム,,,,,,,,,,,,,
バルカス,バルカス,バルカス,,,,,,,,,,,,,
バルザム,バルザム,バルザム,,,,,,,,,,,,,
バルジ,バルジ,バルジ,,,,,,,,,,,,,
ハルト,ハルト,ハルト,,,,,,,,,,,,,
バルバロッサ・ルーグナー,バルバロッサ・ルーグナー,バルバロッサ・ルーグナー,バルバロッサ,,,,,,,,,,,,
ハレス,ハレス,ハレス,,,,,,,,,,,,,
ハレック,ハレック,ハレック,,,,,,,,,,,,,
バレリア,バレリア,バレリア,,,,,,,,,,,,,
バン,バン,バン,,,,,,,,,,,,,
ハンス,ハンス,ハンス,,,,,,,,,,,,,
ハンゾウ,ハンゾウ,ハンゾウ,,,,,,,,,,,,,
ハンナ,ハンナ,ハンナ,,,,,,,,,,,,,
ハンフリー・ミンツ,ハンフリー・ミンツ,ハンフリー,ハンフリー,,,,,,,,,,,,
ビアズレイ,ビアズレイ,ビアズレイ,,,,,,,,,,,,,
ビーアーガ,ビーアーガ,ビーアーガ,,,,,,,,,,,,,
ヒクサク,ヒクサク,ヒクサク,,,,,,,,,,,,,
ビクトール,ビクトール,ビクトール,,,,,,,,,,,,,
ピコ,ピコ,ピコ,,,,,,,,,,,,,
ビッキー,ビッキー,ビッキー,,,,,,,,,,,,,
ビッキー（小）,ビッキー（小）,ビッキー（小）,,,,,,,,,,,,,
ヒックス,ヒックス,ヒックス,,,,,,,,,,,,,
ピッコロ,ピッコロ,ピッコロ,,,,,,,,,,,,,
ビッチャム,ビッチャム,ビッチャム,,,,,,,,,,,,,
ヒナ・アウマクア,ヒナ・アウマクア,ヒナ,,,,,,,,,,,,,
ビャクレン,ビャクレン,ビャクレン,,,,,,,,,,,,,
ヒューゴ,ヒューゴ,ヒューゴ,,,,,,,,,,,,,
ビュクセ,ビュクセ,ビュクセ,,,,,,,,,,,,,
ビョルン,ビョルン,ビョルン,,,,,,,,,,,,,
ビリー,ビリー,ビリー,,,,,,,,,,,,,
ピリカ,ピリカ,ピリカ,,,,,,,,,,,,,
ヒルダ,ヒルダ,ヒルダ,,,,,,,,,,,,,
ファーガス,ファーガス,ファーガス,,,,,,,,,,,,,
ファルタ,ファルタ,ファルタ,,,,,,,,,,,,,
フィッチャー,フィッチャー,フィッチャー,,,,,,,,,,,,,
フィル,フィル,フィル,,,,,,,,,,,,,
フー・スー・ルー,フー・スー・ルー,フー・スー・ルー,,,,,,,,,,,,,
ブートゥルーガ,ブートゥルーガ,ブートゥルーガ,,,,,,,,,,,,,
フーバー,フーバー,フーバー,,,,,,,,,,,,,
フウマ,フウマ,フウマ,,,,,,,,,,,,,
フェイレン,フェイレン,フェイレン,,,,,,,,,,,,,
フェイロン,フェイロン,フェイロン,,,,,,,,,,,,,
フェザー,フェザー,フェザー,,,,,,,,,,,,,
フェリド,フェリド,フェリド,,,,,,,,,,,,,
フェレッカ,フェレッカ,フェレッカ,,,,,,,,,,,,,
フォルネ,フォルネ,フォルネ,,,,,,,,,,,,,
フッケン,フッケン,フッケン,,,,,,,,,,,,,
フッチ,フッチ,フッチ,,,,,,,,,,,,,
フヨウ,フヨウ,フヨウ,,,,,,,,,,,,,
ブライト,ブライト,ブライト,,,,,,,,,,,,,
ブラックマン,ブラックマン,ブラックマン,,,,,,,,,,,,,
フランツ,フランツ,フランツ,,,,,,,,,,,,,
ブランド,ブランド,ブランド,,,,,,,,,,,,,
フリード・Ｙ,フリード・Ｙ,フリード・Ｙ,フリード,,,,,,,,,,,,
フリック,フリック,フリック,,,,,,,,,,,,,
フリディカ,フリディカ,フリディカ,,,,,,,,,,,,,
フレア,フレア,フレア,,,,,,,,,,,,,
フレイル,フレイル,フレイル,,,,,,,,,,,,,
ブレック,ブレック,ブレック,,,,,,,,,,,,,
フレッド・マクシミリアン,フレッド・マクシミリアン,フレッド,フレッド,,,,,,,,,,,,
フレデグンド,フレデグンド,フレデグンド,,,,,,,,,,,,,
フレデリカ,フレデリカ,フレデリカ,,,,,,,,,,,,,
フワラフワル,フワラフワル,フワラフワル,,,,,,,,,,,,,
フンギ,フンギ,フンギ,,,,,,,,,,,,,
ヘイドレク,ヘイドレク,ヘイドレク,,,,,,,,,,,,,
ペギィ,ペギィ,ペギィ,,,,,,,,,,,,,
ベゲン,ベゲン,ベゲン,,,,,,,,,,,,,
ペコラ,ペコラ,ペコラ,,,,,,,,,,,,,
ペシュメルガ,ペシュメルガ,ペシュメルガ,,,,,,,,,,,,,
ペック,ペック,ペック,,,,,,,,,,,,,
ヘリオン,ヘリオン,ヘリオン,,,,,,,,,,,,,
ベル,ベル,ベル,,,,,,,,,,,,,
ヘルガ,ヘルガ,ヘルガ,,,,,,,,,,,,,
ベルクート,ベルクート,ベルクート,,,,,,,,,,,,,
ペルジド,ペルジド,ペルジド,,,,,,,,,,,,,
ベルタ,ベルタ,ベルタ,,,,,,,,,,,,,
ベルナデット・イーガン,ベルナデット・イーガン,ベルナデット,,,,,,,,,,,,,
ベルフレイド,ベルフレイド,ベルフレイド,,,,,,,,,,,,,
ヘルムート,ヘルムート,ヘルムート,,,,,,,,,,,,,
ベレニケ・ノビリオス,ベレニケ・ノビリオス,ベレニケ,,,,,,,,,,,,,
ベレムエル,ベレムエル,ベレムエル,,,,,,,,,,,,,
ペロー,ペロー,ペロー,,,,,,,,,,,,,
ホイ,ホイ,ホイ,,,,,,,,,,,,,
ホウアン,ホウアン,ホウアン,,,,,,,,,,,,,
ポーラ,ポーラ,ポーラ,,,,,,,,,,,,,
ポール,ポール,ポール,,,,,,,,,,,,,
ボールドン,ボールドン,ボールドン,,,,,,,,,,,,,
ボズ・ウィルド,ボズ・ウィルド,ボズ,,,,,,,,,,,,,
ボッシュ,ボッシュ,ボッシュ,,,,,,,,,,,,,
ホツバ,ホツバ,ホツバ,,,,,,,,,,,,,
ボブ,ボブ,ボブ,,,,,,,,,,,,,
ボリス・ワイゼン,ボリス・ワイゼン,ボリス,ボリス,,,,,,,,,,,,
ボルガン,ボルガン,ボルガン,,,,,,,,,,,,,
ボルス・レッドラム,ボルス・レッドラム,ボルス,ボルス,,,,,,,,,,,,
ホルテスVII世,ホルテスVII世,ホルテスVII世,,,,,,,,,,,,,
ホルテンシウス,ホルテンシウス,ホルテンシウス,,,,,,,,,,,,,
ポロック,ポロック,ポロック,,,,,,,,,,,,,
マーサ,マーサ,マーサ,,,,,,,,,,,,,
マース,マース,マース,,,,,,,,,,,,,
マイク,マイク,マイク,,,,,,,,,,,,,
マイクロトフ,マイクロトフ,マイクロトフ,,,,,,,,,,,,,
マオ,マオ,マオ,,,,,,,,,,,,,
マカイ,マカイ,マカイ,,,,,,,,,,,,,
マキ,マキ,マキ,,,,,,,,,,,,,
マキア・ザフィール,マキア・ザフィール,マキア・ザフィール,,,,,,,,,,,,,
マキシン,マキシン,マキシン,,,,,,,,,,,,,
マクート,マクート,マクート,,,,,,,,,,,,,
マクシミリアン,マクシミリアン,マクシミリアン,,,,,,,,,,,,,
マクシモス・ザフィール,マクシモス・ザフィール,マクシモス,,,,,,,,,,,,,
マザリカ・ザフィール,マザリカ・ザフィール,マザリカ,マザリカ,ザフィール,,,,,,,,,,,
マスルール,マスルール,マスルール,,,,,,,,,,,,,
マッシュ・シルバーバーグ,マッシュ・シルバーバーグ,マッシュ,マッシュ,,,,,,,,,,,,
マティアス,マティアス,マティアス,,,,,,,,,,,,,
マナリル,マナリル,マナリル,,,,,,,,,,,,,
マニュ,マニュ,マニュ,,,,,,,,,,,,,
マハ・スパルナ,マハ・スパルナ,マハ・スパルナ,マハ,スパルナ,,,,,,,,,,,
マリー,マリー,マリー,,,,,,,,,,,,,
マリカ,マリカ,マリカ,,,,,,,,,,,,,
マリカ（異世界）,マリカ（異世界）,マリカ？,,,,,,,,,,,,,
マリノ,マリノ,マリノ,,,,,,,,,,,,,
マルーン,マルーン,マルーン,,,,,,,,,,,,,
マルコ,マルコ,マルコ,,,,,,,,,,,,,
マルスカール・ゴドウィン,マルスカール・ゴドウィン,マルスカール・ゴドウィン,マルスカール,ゴドウィン,,,,,,,,,,,
マルセル・アトレイド,マルセル・アトレイド,マルセル・アトレイド,マルセン,アトレイド,,,,,,,,,,,
マルティン,マルティン,マルティン,,,,,,,,,,,,,
マルロ・コーディ,マルロ・コーディ,マルロ,マルロ,コーディ,,,,,,,,,,,
ミアキス,ミアキス,ミアキス,,,,,,,,,,,,,
ミース,ミース,ミース,,,,,,,,,,,,,
ミーナ,ミーナ,ミーナ,,,,,,,,,,,,,
ミーネ,ミーネ,ミーネ,,,,,,,,,,,,,
ミオ,ミオ,ミオ,,,,,,,,,,,,,
ミズキ,ミズキ,ミズキ,,,,,,,,,,,,,
ミズラック,ミズラック,ミズラック,,,,,,,,,,,,,
ミッキー,ミッキー,ミッキー,,,,,,,,,,,,,
ミツバ,ミツバ,ミツバ,,,,,,,,,,,,,
ミューラー,ミューラー,ミューラー,,,,,,,,,,,,,
ミュラ,ミュラ,ミュラ,,,,,,,,,,,,,
ミュン・ツァン,ミュン・ツァン,ミュン・ツァン,ミュン,ツァン,,,,,,,,,,,
ミランダ,ミランダ,ミランダ,,,,,,,,,,,,,
ミリア,ミリア,ミリア,,,,,,,,,,,,,
ミリー,ミリー,ミリー,,,,,,,,,,,,,
ミリエル,ミリエル,ミリエル,,,,,,,,,,,,,
ミルイヒ・オッペンハイマー,ミルイヒ・オッペンハイマー,ミルイヒ,ミルイヒ,ミルイヒ様,オッペンハイマー,,,,,,,,,,
ミルーン,ミルーン,ミルーン,,,,,,,,,,,,,
ミレイ,ミレイ,ミレイ,,,,,,,,,,,,,
ムーア,ムーア,ムーア,,,,,,,,,,,,,
ムーイー,ムーイー,ムーイー,,,,,,,,,,,,,
ムース,ムース,ムース,,,,,,,,,,,,,
ムールゲント,ムールゲント,ムールゲント,,,,,,,,,,,,,
ムーロ,ムーロ,ムーロ,,,,,,,,,,,,,
ムクムク,ムクムク,ムクムク,,,,,,,,,,,,,
ムト,ムト,ムト,,,,,,,,,,,,,
ムドガラ,ムドガラ,ムドガラ,,,,,,,,,,,,,
ムバル,ムバル,ムバル,,,,,,,,,,,,,
ムラード,ムラード,ムラード,,,,,,,,,,,,,
ムルーン,ムルーン,ムルーン,,,,,,,,,,,,,
メアメイ,メアメイ,メアメイ,,,,,,,,,,,,,
メイザース,メイザース,メイザース,,,,,,,,,,,,,
メイベル,メイベル,メイベル,,,,,,,,,,,,,
メイミ,メイミ,メイミ,,,,,,,,,,,,,
メース,メース,メース,,,,,,,,,,,,,
メギオン,メギオン,メギオン,,,,,,,,,,,,,
メグ,メグ,メグ,,,,,,,,,,,,,
メズワル,メズワル,メズワル,,,,,,,,,,,,,
メッセンジャー,メッセンジャー,メッセンジャー,,,,,,,,,,,,,
メフィティス,メフィティス,メフィティス,,,,,,,,,,,,,
メル,メル,メル,,,,,,,,,,,,,
メルヴィス,メルヴィス,メルヴィス,,,,,,,,,,,,,
メルヴィル,メルヴィル,メルヴィル,,,,,,,,,,,,,
メルーン,メルーン,メルーン,,,,,,,,,,,,,
メロディ,メロディ,メロディ,,,,,,,,,,,,,
モアナ,モアナ,モアナ,,,,,,,,,,,,,
モーガン,モーガン,モーガン,,,,,,,,,,,,,
モース,モース,モース,,,,,,,,,,,,,
モーディ,モーディ,モーディ,,,,,,,,,,,,,
モーリン,モーリン,モーリン,,,,,,,,,,,,,
モズロマス・リウイス,モズロマス・リウイス,モズロマス,モズロマス,リウイス,,,,,,,,,,,
モルーン,モルーン,モルーン,,,,,,,,,,,,,
モンセン,モンセン,モンセン,,,,,,,,,,,,,
モンド,モンド,モンド,,,,,,,,,,,,,
ヤード,ヤード,ヤード,,,,,,,,,,,,,
ヤール,ヤール,ヤール,,,,,,,,,,,,,
ヤグアス・リウイス,ヤグアス・リウイス,ヤグアス,ヤグアス,リウイス,,,,,,,,,,,
ヤディマ,ヤディマ,ヤディマ,,,,,,,,,,,,,
ヤム・クー,ヤム・クー,ヤム・クー,ヤム,クー,,,,,,,,,,,
ヤンセン,ヤンセン,ヤンセン,,,,,,,,,,,,,
ヤンダック,ヤンダック,ヤンダック,,,,,,,,,,,,,
ユイリ,ユイリ,ユイリ,,,,,,,,,,,,,
ユウ,ユウ,ユウ,,,,,,,,,,,,,
ユーグ,ユーグ,ユーグ,,,,,,,,,,,,,
ユーゴ,ユーゴ,ユーゴ,,,,,,,,,,,,,
ユージン,ユージン,ユージン,,,,,,,,,,,,,
ユーニス,ユーニス,ユーニス,,,,,,,,,,,,,
ユーバー,ユーバー,ユーバー,,,,,,,,,,,,,
ユーラム・バロウズ,ユーラム・バロウズ,ユーラム・バロウズ,ユーラム,バロウズ,,,,,,,,,,,
ユーリ・ラトキエ,ユーリ・ラトキエ,ユーリ・ラトキエ,ユーリ,ラトキエ,,,,,,,,,,,
ユズ,ユズ,ユズ,,,,,,,,,,,,,
ユディエラ,ユディエラ,ユディエラ,,,,,,,,,,,,,
ユミィ,ユミィ,ユミィ,,,,,,,,,,,,,
ユユドラヤ,ユユドラヤ,ユユドラヤ,,,,,,,,,,,,,
ユラ,ユラ,ユラ,,,,,,,,,,,,,
ユン,ユン,ユン,,,,,,,,,,,,,
ヨウィン,ヨウィン,ヨウィン,,,,,,,,,,,,,
ヨーン,ヨーン,ヨーン,,,,,,,,,,,,,
ヨシノ,ヨシノ,ヨシノ,,,,,,,,,,,,,
ヨシュア・レーベンハイト,ヨシュア・レーベンハイト,ヨシュア,ヨシュア,レーベンハイト,,,,,,,,,,,
ヨフール,ヨフール,ヨフール,,,,,,,,,,,,,
ヨベル,ヨベル,ヨベル,,,,,,,,,,,,,
ヨミ,ヨミ,ヨミ,,,,,,,,,,,,,
ヨラン,ヨラン,ヨラン,,,,,,,,,,,,,
ラージャ,ラージャ,ラージャ,,,,,,,,,,,,,
シュトルテハイム・ラインバッハ3世,シュトルテハイム・ラインバッハ3世,ラインバッハ,シュトルテハイム,ラインバッハ,,,,,,,,,,,
ラインホルト,ラインホルト,ラインホルト,,,,,,,,,,,,,
ラウド,ラウド,ラウド,,,,,,,,,,,,,
ラウラ,ラウラ,ラウラ,,,,,,,,,,,,,
ラオ・クアン,ラオ・クアン,ラオ・クアン,ラオ,クアン,,,,,,,,,,,
ラクイラ,ラクイラ,ラクイラ,,,,,,,,,,,,,
ラクジー,ラクジー,ラクジー,,,,,,,,,,,,,
ラジム,ラジム,ラジム,,,,,,,,,,,,,
ラスカリス・リウイス,ラスカリス・リウイス,ラスカリス,ラスカリス,リウイス,,,,,,,,,,,
ラティエ・ロクス,ラティエ・ロクス,ラティエ・ロクス,ラティエ,ロクス,,,,,,,,,,,
ラティルダ,ラティルダ,ラティルダ,,,,,,,,,,,,,
ラドニーン,ラドニーン,ラドニーン,,,,,,,,,,,,,
ラニア,ラニア,ラニア,,,,,,,,,,,,,
ラバキン,ラバキン,ラバキン,,,,,,,,,,,,,
ラハル,ラハル,ラハル,,,,,,,,,,,,,
ラマダ,ラマダ,ラマダ,,,,,,,,,,,,,
ラミン,ラミン,ラミン,,,,,,,,,,,,,
ララクル,ララクル,ララクル,,,,,,,,,,,,,
ラン,ラン,ラン,,,,,,,,,,,,,
ランス,ランス,ランス,,,,,,,,,,,,,
ランディス,ランディス,ランディス,,,,,,,,,,,,,
リード,リード,リード,,,,,,,,,,,,,
リィナ,リィナ,リィナ,,,,,,,,,,,,,
リーラン,リーラン,リーラン,,,,,,,,,,,,,
リーリン,リーリン,リーリン,,,,,,,,,,,,,
リールン,リールン,リールン,,,,,,,,,,,,,
リーレン,リーレン,リーレン,,,,,,,,,,,,,
リーロン,リーロン,リーロン,,,,,,,,,,,,,
リイン・ペンネンバーグ,リイン・ペンネンバーグ,リイン・ペンネンバーグ,リイン,リィン,ペンネンバーグ,,,,,,,,,,
リウ・シエン,リウ・シエン,リウ,リウ,シエン,,,,,,,,,,,
リオン,リオン,リオン,,,,,,,,,,,,,
リキエ,リキエ,リキエ,,,,,,,,,,,,,
リキマル,リキマル,リキマル,,,,,,,,,,,,,
リコ,リコ,リコ,,,,,,,,,,,,,
リスティル,リスティル,リスティル,,,,,,,,,,,,,
リズラン,リズラン,リズラン,,,,,,,,,,,,,
リタ,リタ,リタ,,,,,,,,,,,,,
リッチモンド,リッチモンド,リッチモンド,,,,,,,,,,,,,
リドリー・ワイゼン,リドリー・ワイゼン,リドリー,リドリー,ワイゼン,,,,,,,,,,,
リノ・エン・クルデス,リノ・エン・クルデス,リノ・エン・クルデス,リノ,リノ王,エン,クルデス,,,,,,,,,
リヒャルト,リヒャルト,リヒャルト,,,,,,,,,,,,,
リムスレーア・ファレナス,リムスレーア・ファレナス,リムスレーア・ファレナス,リムスレーア,リム,ファレナス,,,,,,,,,,
リュウカン,リュウカン,リュウカン,,,,,,,,,,,,,
リューグ,リューグ,リューグ,,,,,,,,,,,,,
リュキア,リュキア,リュキア,,,,,,,,,,,,,
リュセリ,リュセリ,リュセリ,,,,,,,,,,,,,
リリィ・ペンドラゴン,リリィ・ペンドラゴン,リリィ,リリィ,ペンドラゴン,,,,,,,,,,,
リンファ,リンファ,リンファ,,,,,,,,,,,,,
ルイーズ,ルイーズ,ルイーズ,,,,,,,,,,,,,
ルイス・キファーソン,ルイス・キファーソン,ルイス,ルイス,キファーソン,,,,,,,,,,,
ルウ,ルウ,ルウ,,,,,,,,,,,,,
ルージン,ルージン,ルージン,,,,,,,,,,,,,
ルース,ルース,ルース,,,,,,,,,,,,,
ルオ・タウ,ルオ・タウ,ルオ・タウ,ルオ,タウ,,,,,,,,,,,
ルカ・ブライト,ルカ・ブライト,ルカ・ブライト,ルカ,ルカ様,狂皇子,ブライト,,,,,,,,,
ルガト・ルガム,ルガト・ルガム,ルガト・ルガム,ルガト,ルガム,,,,,,,,,,,
ルクレティア・メルセス,ルクレティア・メルセス,ルクレティア,ルクレティア,メルセス,,,,,,,,,,,
ルシア,ルシア,ルシア,,,,,,,,,,,,,
ルセリナ・バロウズ,ルセリナ・バロウズ,ルセリナ,ルセリナ,バロウズ,,,,,,,,,,,
ルック,ルック,ルック,,,,,,,,,,,,,
ルドン,ルドン,ルドン,,,,,,,,,,,,,
ルネ,ルネ,ルネ,,,,,,,,,,,,,
ルバイス,ルバイス,ルバイス,,,,,,,,,,,,,
ルビ,ルビ,ルビ,,,,,,,,,,,,,
ルビィ,ルビィ,ルビィ,,,,,,,,,,,,,
ルファ,ルファ,ルファ,,,,,,,,,,,,,
ルル,ルル,ルル,,,,,,,,,,,,,
ルルサ,ルルサ,ルルサ,,,,,,,,,,,,,
レイチェル,レイチェル,レイチェル,,,,,,,,,,,,,
レヴィ,レヴィ,レヴィ,,,,,,,,,,,,,
レーヴン,レーヴン,レーヴン,,,,,,,,,,,,,
レーテ,レーテ,レーテ,,,,,,,,,,,,,
レオ・ガラン,レオ・ガラン,レオ,レオ,ガラン,,,,,,,,,,,
レオナ,レオナ,レオナ,,,,,,,,,,,,,
レオナルド,レオナルド,レオナルド,,,,,,,,,,,,,
レオン・シルバーバーグ,レオン・シルバーバーグ,レオン,レオン,シルバーバーグ,,,,,,,,,,,
レカレカ,レカレカ,レカレカ,,,,,,,,,,,,,
レギウス,レギウス,レギウス,,,,,,,,,,,,,
レスター,レスター,レスター,,,,,,,,,,,,,
レスノウ,レスノウ,レスノウ,,,,,,,,,,,,,
レツオウ,レツオウ,レツオウ,,,,,,,,,,,,,
レックナート,レックナート,レックナート,,,,,,,,,,,,,
レット,レット,レット,,,,,,,,,,,,,
レナ・スフィーナ,レナ・スフィーナ,レナ・スフィーナ,レナ,スフィーナ,,,,,,,,,,,
レネフェリアス13世,レネフェリアス13世,レネフェリアス13世,,,,,,,,,,,,,
レパント,レパント,レパント,,,,,,,,,,,,,
レブラント,レブラント,レブラント,,,,,,,,,,,,,
レレイ,レレイ,レレイ,,,,,,,,,,,,,
レン・リイン,レン・リイン,レン・リイン,レン,リイン,,,,,,,,,,,
ロイ,ロイ,ロイ,,,,,,,,,,,,,
ロウエン,ロウエン,ロウエン,,,,,,,,,,,,,
ロウセン,ロウセン,ロウセン,,,,,,,,,,,,,
ロウハク,ロウハク,ロウハク,,,,,,,,,,,,,
ロウフォン,ロウフォン,ロウフォン,,,,,,,,,,,,,
ロウマ,ロウマ,ロウマ,,,,,,,,,,,,,
ローガン,ローガン,ローガン,,,,,,,,,,,,,
ローレライ,ローレライ,ローレライ,,,,,,,,,,,,,
ログ,ログ,ログ,,,,,,,,,,,,,
ロジェ,ロジェ,ロジェ,,,,,,,,,,,,,
ロシェル・コレック,ロシェル・コレック,ロシェル・コレック,ロシェル,コレック,,,,,,,,,,,
ロック,ロック,ロック,,,,,,,,,,,,,
ロッテ,ロッテ,ロッテ,,,,,,,,,,,,,
ロディ,ロディ,ロディ,,,,,,,,,,,,,
ロドリク,ロドリク,ロドリク,,,,,,,,,,,,,
ロニー・ベル,ロニー・ベル,ロニー・ベル,ロニー,ベル,,,,,,,,,,,
ロベルト,ロベルト,ロベルト,,,,,,,,,,,,,
ロラン・レザウルス,ロラン・レザウルス,ロラン,ロラン,レザウルス,,,,,,,,,,,
ロルフ・フラグ,ロルフ・フラグ,ロルフ,ロルフ,フラグ,,,,,,,,,,,
ロンチャンチャン,ロンチャンチャン,ロンチャンチャン,,,,,,,,,,,,,
ワーン,ワーン,ワーン,,,,,,,,,,,,,
ワイルダー,ワイルダー,ワイルダー,,,,,,,,,,,,,
ワカバ,ワカバ,ワカバ,,,,,,,,,,,,,
ワシール,ワシール,ワシール,,,,,,,,,,,,,
ワスタム,ワスタム,ワスタム,,,,,,,,,,,,,
ワタリ,ワタリ,ワタリ,,,,,,,,,,,,,
ワヒエ,ワヒエ,ワヒエ,,,,,,,,,,,,,
ワフディ,ワフディ,ワフディ,,,,,,,,,,,,,
ワボン,ワボン,ワボン,,,,,,,,,,,,,
ワン,ワン,ワン,,,,,,,,,,,,,
ワン・フー,ワン・フー,ワン・フー,,,,,,,,,,,,,
ペック（暗器使い）,ペック（暗器使い）,暗器使い,,,,,,,,,,,,,
一なる王,一なる王,一なる王,,,,,,,,,,,,,
炎の英雄,炎の英雄,炎の英雄,,,,,,,,,,,,,
館の執事,館の執事,館の執事,,,,,,,,,,,,,
軍医,軍医,軍医,,,,,,,,,,,,,
総督,総督,総督,,,,,,,,,,,,,
紡がれし百年の時主人公（紡主）,紡がれし百年の時主人公（紡主）,紡時主人公,主人公,,,,,,,,,,,,
霧の船の導者,霧の船の導者,霧の船の導者,,,,,,,,,,,,,
料理長,料理長,料理長,,,,,,,,,,,,,
